{
  "datas": [
    {"country": "AFGHANISTAN"                      ,   "capital": "KABUL"                ,  "codeIso": "AF"  },
    {"country": "ALBANIA"                          ,   "capital": "TIRANA"               ,  "codeIso": "AL"  },
    {"country": "ALGERIA"                          ,   "capital": "ALGIERS"              ,  "codeIso": "DZ"  },
    {"country": "ANDORRA"                          ,   "capital": "ANDORRA LA VELLA"     ,  "codeIso": "AD"  },
    {"country": "ANGOLA"                           ,   "capital": "LUANDA"               ,  "codeIso": "AO"  },
    {"country": "ANTIGUA & BARBUDA"                ,   "capital": "SAINT JOHNS"          ,  "codeIso": "AG"  },
    {"country": "ARGENTINA"                        ,   "capital": "BUENOS AIRES"         ,  "codeIso": "AR"  },
    {"country": "ARMENIA"                          ,   "capital": "YEREVAN"              ,  "codeIso": "AM"  },
    {"country": "AUSTRALIA"                        ,   "capital": "CANBERRA"             ,  "codeIso": "AU"  },
    {"country": "AUSTRIA"                          ,   "capital": "VIENNA"               ,  "codeIso": "AT"  },
    {"country": "AZERBAIJAN"                       ,   "capital": "BAKU"                 ,  "codeIso": "AZ"  },
    {"country": "BAHAMAS"                          ,   "capital": "NASSAU"               ,  "codeIso": "BS"  },
    {"country": "BAHRAIN"                          ,   "capital": "MANAMA"               ,  "codeIso": "BH"  },
    {"country": "BANGLADESH"                       ,   "capital": "DHAKA"                ,  "codeIso": "BD"  },
    {"country": "BARBADOS"                         ,   "capital": "BRIDGETOWN"           ,  "codeIso": "BB"  },
    {"country": "BELARUS"                          ,   "capital": "MINSK"                ,  "codeIso": "BY"  },
    {"country": "BELGIUM"                          ,   "capital": "BRUSSELS"             ,  "codeIso": "BE"  },
    {"country": "BELIZE"                           ,   "capital": "BELMOPAN"             ,  "codeIso": "BZ"  },
    {"country": "BENIN"                            ,   "capital": "PORTO-NOVO"           ,  "codeIso": "BJ"  },
    {"country": "BHUTAN"                           ,   "capital": "THIMPHU"              ,  "codeIso": "BT"  },
    {"country": "BOLIVIA"                          ,   "capital": "SUCRE"                ,  "codeIso": "BO"  },
    {"country": "BOSNIA & HERZEGOVINA"             ,   "capital": "SARAJEVO"             ,  "codeIso": "BA"  },
    {"country": "BOTSWANA"                         ,   "capital": "GABORONE"             ,  "codeIso": "BW"  },
    {"country": "BRAZIL"                           ,   "capital": "BRASILIA"             ,  "codeIso": "BR"  },
    {"country": "BRUNEI"                           ,   "capital": "BANDAR SERI BEGAWAN"  ,  "codeIso": "BN"  },
    {"country": "BULGARIA"                         ,   "capital": "SOFIA"                ,  "codeIso": "BG"  },
    {"country": "BURKINA FASO"                     ,   "capital": "OUAGADOUGOU"          ,  "codeIso": "BF"  },
    {"country": "BURUNDI"                          ,   "capital": "BUJUMBURA"            ,  "codeIso": "BI"  },
    {"country": "CABO VERDE"                       ,   "capital": "PRAIA"                ,  "codeIso": "CV"  },
    {"country": "CAMBODIA"                         ,   "capital": "PHNOM PENH"           ,  "codeIso": "KH"  },
    {"country": "CAMEROON"                         ,   "capital": "YAOUNDE"              ,  "codeIso": "CM"  },
    {"country": "CANADA"                           ,   "capital": "OTTAWA"               ,  "codeIso": "CA"  },
    {"country": "CENTRAL AFRICAN REPUBLIC"         ,   "capital": "BANGUI"               ,  "codeIso": "CF"  },
    {"country": "CHAD"                             ,   "capital": "N'DJAMENA"            ,  "codeIso": "TD"  },
    {"country": "CHILE"                            ,   "capital": "SANTIAGO"             ,  "codeIso": "CL"  },
    {"country": "CHINA"                            ,   "capital": "BEIJING"              ,  "codeIso": "CN"  },
    {"country": "COLOMBIA"                         ,   "capital": "BOGOTA"               ,  "codeIso": "CO"  },
    {"country": "COMOROS"                          ,   "capital": "MORONI"               ,  "codeIso": "KM"  },
    {"country": "CONGO, DEMOCRATIC REPUBLIC OF THE",   "capital": "KINSHASA"             ,  "codeIso": "CD"  },
    {"country": "REPUBLIC OF THE CONGO"            ,   "capital": "BRAZZAVILLE"          ,  "codeIso": "CG"  },
    {"country": "COSTA RICA"                       ,   "capital": "SAN JOSE"             ,  "codeIso": "CR"  },
    {"country": "CÔTE D'IVOIRE"                    ,   "capital": "YAMOUSSOUKRO"         ,  "codeIso": "CI"  },
    {"country": "CROATIA"                          ,   "capital": "ZAGREB"               ,  "codeIso": "HR"  },
    {"country": "CUBA"                             ,   "capital": "HAVANA"               ,  "codeIso": "CU"  },
    {"country": "CYPRUS"                           ,   "capital": "NICOSIA"              ,  "codeIso": "CY"  },
    {"country": "CZECH REPUBLIC"                   ,   "capital": "PRAGUE"               ,  "codeIso": "CZ"  },
    {"country": "DENMARK"                          ,   "capital": "COPENHAGEN"           ,  "codeIso": "DK"  },
    {"country": "DJIBOUTI"                         ,   "capital": "VILLE DE DJIBOUTI"    ,  "codeIso": "DJ"  },
    {"country": "DOMINICA"                         ,   "capital": "ROSEAU"               ,  "codeIso": "DM"  },
    {"country": "DOMINICAN REPUBLIC"               ,   "capital": "SANTO DOMINGO"        ,  "codeIso": "DO"  },
    {"country": "ECUADOR"                          ,   "capital": "QUITO"                ,  "codeIso": "EC"  },
    {"country": "EGYPT"                            ,   "capital": "CAIRO"                ,  "codeIso": "EG"  },
    {"country": "EL SALVADOR"                      ,   "capital": "SAN SALVADOR"         ,  "codeIso": "SV"  },
    {"country": "EQUATORIAL GUINEA"                ,   "capital": "MALABO"               ,  "codeIso": "GQ"  },
    {"country": "ERITREA"                          ,   "capital": "ASMARA"               ,  "codeIso": "ER"  },
    {"country": "ESTONIA"                          ,   "capital": "TALLINN"              ,  "codeIso": "EE"  },
    {"country": "ESWATINI"                         ,   "capital": "MBABANE"              ,  "codeIso": "SZ"  },
    {"country": "ETHIOPIA"                         ,   "capital": "ADDIS ABABA"          ,  "codeIso": "ET"  },
    {"country": "FIJI"                             ,   "capital": "SUVA"                 ,  "codeIso": "FJ"  },
    {"country": "FINLAND"                          ,   "capital": "HELSINKI"             ,  "codeIso": "FI"  },
    {"country": "FRANCE"                           ,   "capital": "PARIS"                ,  "codeIso": "FR"  },
    {"country": "GABON"                            ,   "capital": "LIBREVILLE"           ,  "codeIso": "GA"  },
    {"country": "GAMBIA"                           ,   "capital": "BANJUL"               ,  "codeIso": "GM"  },
    {"country": "GEORGIA"                          ,   "capital": "TBILISI"              ,  "codeIso": "GE"  },
    {"country": "GERMANY"                          ,   "capital": "BERLIN"               ,  "codeIso": "DE"  },
    {"country": "GHANA"                            ,   "capital": "ACCRA"                ,  "codeIso": "GH"  },
    {"country": "GREECE"                           ,   "capital": "ATHENS"               ,  "codeIso": "GR"  },
    {"country": "GRENADA"                          ,   "capital": "SAINT GEORGE"         ,  "codeIso": "GD"  },
    {"country": "GUATEMALA"                        ,   "capital": "GUATEMALA CITY"       ,  "codeIso": "GT"  },
    {"country": "GUINEA"                           ,   "capital": "CONAKRY"              ,  "codeIso": "GN"  },
    {"country": "GUINEA-BISSAU"                    ,   "capital": "BISSAU"               ,  "codeIso": "GW"  },
    {"country": "GUYANA"                           ,   "capital": "GEORGETOWN"           ,  "codeIso": "GY"  },
    {"country": "HAITI"                            ,   "capital": "PORT-AU-PRINCE"       ,  "codeIso": "HT"  },
    {"country": "HONDURAS"                         ,   "capital": "TEGUCIGALPA"          ,  "codeIso": "HN"  },
    {"country": "HUNGARY"                          ,   "capital": "BUDAPEST"             ,  "codeIso": "HU"  },
    {"country": "ICELAND"                          ,   "capital": "REYKJAVIK"            ,  "codeIso": "IS"  },
    {"country": "INDIA"                            ,   "capital": "NEW DELHI"            ,  "codeIso": "IN"  },
    {"country": "INDONESIA"                        ,   "capital": "JAKARTA"              ,  "codeIso": "ID"  },
    {"country": "IRAN"                             ,   "capital": "TEHRAN"               ,  "codeIso": "IR"  },
    {"country": "IRAQ"                             ,   "capital": "BAGHDAD"              ,  "codeIso": "IQ"  },
    {"country": "IRELAND"                          ,   "capital": "DUBLIN"               ,  "codeIso": "IE"  },
    {"country": "ITALY"                            ,   "capital": "ROME"                 ,  "codeIso": "IT"  },
    {"country": "JAMAICA"                          ,   "capital": "KINGSTON"             ,  "codeIso": "JM"  },
    {"country": "JAPAN"                            ,   "capital": "TOKYO"                ,  "codeIso": "JP"  },
    {"country": "JORDAN"                           ,   "capital": "AMMAN"                ,  "codeIso": "JO"  },
    {"country": "KAZAKHSTAN"                       ,   "capital": "ASTANA"               ,  "codeIso": "KZ"  },
    {"country": "KENYA"                            ,   "capital": "NAIROBI"              ,  "codeIso": "KE"  },
    {"country": "KIRIBATI"                         ,   "capital": "TARAWA"               ,  "codeIso": "KI"  },
    {"country": "KUWAIT"                           ,   "capital": "KUWAIT CITY"          ,  "codeIso": "KW"  },
    {"country": "KYRGYZSTAN"                       ,   "capital": "BISHKEK"              ,  "codeIso": "KG"  },
    {"country": "LAOS"                             ,   "capital": "VIENTIANE"            ,  "codeIso": "LA"  },
    {"country": "LATVIA"                           ,   "capital": "RIGA"                 ,  "codeIso": "LV"  },
    {"country": "LEBANON"                          ,   "capital": "BEIRUT"               ,  "codeIso": "LB"  },
    {"country": "LESOTHO"                          ,   "capital": "KINGDOM OF LESOTHO"   ,  "codeIso": "LS"  },
    {"country": "LIBERIA"                          ,   "capital": "MONROVIA"             ,  "codeIso": "LR"  },
    {"country": "LIBYA"                            ,   "capital": "TRIPOLI"              ,  "codeIso": "LY"  },
    {"country": "LIECHTENSTEIN"                    ,   "capital": "VADUZ"                ,  "codeIso": "LI"  },
    {"country": "LITHUANIA"                        ,   "capital": "VILNIUS"              ,  "codeIso": "LT"  },
    {"country": "LUXEMBOURG"                       ,   "capital": "LUXEMBOURG"           ,  "codeIso": "LU"  },
    {"country": "MACEDONIA"                        ,   "capital": "SKOPJE"               ,  "codeIso": "MK"  },
    {"country": "MADAGASCAR"                       ,   "capital": "ANTANANARIVO"         ,  "codeIso": "MG"  },
    {"country": "MALAWI"                           ,   "capital": "LILONGWE"             ,  "codeIso": "MW"  },
    {"country": "MALAYSIA"                         ,   "capital": "KUALA LUMPUR"         ,  "codeIso": "MY"  },
    {"country": "MALDIVES"                         ,   "capital": "MALE"                 ,  "codeIso": "MV"  },
    {"country": "MALI"                             ,   "capital": "BAMAKO"               ,  "codeIso": "ML"  },
    {"country": "MALTA"                            ,   "capital": "VALLETTA"             ,  "codeIso": "MT"  },
    {"country": "MARSHALL ISLANDS"                 ,   "capital": "MAJURO"               ,  "codeIso": "MH"  },
    {"country": "MAURITANIA"                       ,   "capital": "NOUAKCHOTT"           ,  "codeIso": "MR"  },
    {"country": "MAURITIUS"                        ,   "capital": "PORT LOUIS"           ,  "codeIso": "MU"  },
    {"country": "MEXICO"                           ,   "capital": "MEXICO CITY"          ,  "codeIso": "MX"  },
    {"country": "MICRONESIA"        ,   "capital": "Palikir - National Government Center",  "codeIso": "FM"  },
    {"country": "MOLDOVA"                          ,   "capital": "CHISINAU"             ,  "codeIso": "MD"  },
    {"country": "MONACO"                           ,   "capital": "MONACO"               ,  "codeIso": "MC"  },
    {"country": "MONGOLIA"                         ,   "capital": "ULAANBAATAR"          ,  "codeIso": "MN"  },
    {"country": "MONTENEGRO"                       ,   "capital": "PODGORICA"            ,  "codeIso": "ME"  },
    {"country": "MOROCCO"                          ,   "capital": "RABAT"                ,  "codeIso": "MA"  },
    {"country": "MOZAMBIQUE"                       ,   "capital": "MAPUTO"               ,  "codeIso": "MZ"  },
    {"country": "MYANMAR"                          ,   "capital": "NAY PYI TAW"          ,  "codeIso": "MM"  },
    {"country": "NAMIBIA"                          ,   "capital": "WINDHOEK"             ,  "codeIso": "NA"  },
    {"country": "NAURU"                            ,   "capital": "YAREN"                ,  "codeIso": "NR"  },
    {"country": "NEPAL"                            ,   "capital": "KATHMANDU"            ,  "codeIso": "NP"  },
    {"country": "NETHERLANDS"                      ,   "capital": "AMSTERDAM"            ,  "codeIso": "NL"  },
    {"country": "NEW ZEALAND"                      ,   "capital": "WELLINGTON"           ,  "codeIso": "NZ"  },
    {"country": "NICARAGUA"                        ,   "capital": "MANAGUA"              ,  "codeIso": "NI"  },
    {"country": "NIGER"                            ,   "capital": "NIAMEY"               ,  "codeIso": "NE"  },
    {"country": "NIGERIA"                          ,   "capital": "ABUJA"                ,  "codeIso": "NG"  },
    {"country": "NORTH KOREA"                      ,   "capital": "PYONGYANG"            ,  "codeIso": "KP"  },
    {"country": "NORWAY"                           ,   "capital": "OSLO"                 ,  "codeIso": "NO"  },
    {"country": "OMAN"                             ,   "capital": "MUSCAT"               ,  "codeIso": "OM"  },
    {"country": "PAKISTAN"                         ,   "capital": "ISLAMABAD"            ,  "codeIso": "PK"  },
    {"country": "PALAU"                            ,   "capital": "REPUBLIC OF PALAU"    ,  "codeIso": "PW"  },
    {"country": "PANAMA"                           ,   "capital": "PANAMA"               ,  "codeIso": "PA"  },
    {"country": "PAPUA NEW GUINEA"                 ,   "capital": "PORT MORESBY"         ,  "codeIso": "PG"  },
    {"country": "PARAGUAY"                         ,   "capital": "ASUNCIÓN"             ,  "codeIso": "PY"  },
    {"country": "PERU"                             ,   "capital": "LIMA"                 ,  "codeIso": "PE"  },
    {"country": "PHILIPPINES"                      ,   "capital": "MANILA"               ,  "codeIso": "PH"  },
    {"country": "POLAND"                           ,   "capital": "WARSAW"               ,  "codeIso": "PL"  },
    {"country": "PORTUGAL"                         ,   "capital": "LISBON"               ,  "codeIso": "PT"  },
    {"country": "QATAR"                            ,   "capital": "DOHA"                 ,  "codeIso": "QA"  },
    {"country": "ROMANIA"                          ,   "capital": "BUCHAREST"            ,  "codeIso": "RO"  },
    {"country": "RUSSIA"                           ,   "capital": "MOSCOW"               ,  "codeIso": "RU"  },
    {"country": "RWANDA"                           ,   "capital": "KIGALI"               ,  "codeIso": "RW"  },
    {"country": "SAINT KITTS AND NEVIS"            ,   "capital": "BASSETERRE"           ,  "codeIso": "KN"  },
    {"country": "SAINT LUCIA"                      ,   "capital": "CASTRIES"             ,  "codeIso": "LC"  },
    {"country": "SAINT VINCENT AND THE GRENADINES" ,   "capital": "KINGSTOWN"            ,  "codeIso": "VC"  },
    {"country": "SAMOA"                            ,   "capital": "APIA"                 ,  "codeIso": "WS"  },
    {"country": "SAN MARINO"                       ,   "capital": "SAN MARINO"           ,  "codeIso": "SM"  },
    {"country": "SAO TOME AND PRINCIPE"            ,   "capital": "SAO TOME"             ,  "codeIso": "ST"  },
    {"country": "SAUDI ARABIA"                     ,   "capital": "RIYADH"               ,  "codeIso": "SA"  },
    {"country": "SENEGAL"                          ,   "capital": "DAKAR"                ,  "codeIso": "SN"  },
    {"country": "SERBIA"                           ,   "capital": "BELGRADE"             ,  "codeIso": "RS"  },
    {"country": "SEYCHELLES"                       ,   "capital": "VICTORIA"             ,  "codeIso": "SC"  },
    {"country": "SIERRA LEONE"                     ,   "capital": "FREETOWN"             ,  "codeIso": "SL"  },
    {"country": "SINGAPORE"                        ,   "capital": "SINGAPORE"            ,  "codeIso": "SG"  },
    {"country": "SLOVAKIA"                         ,   "capital": "BRATISLAVA"           ,  "codeIso": "SK"  },
    {"country": "SLOVENIA"                         ,   "capital": "LJUBLJANA"            ,  "codeIso": "SI"  },
    {"country": "SOLOMON ISLANDS"                  ,   "capital": "HONIARA"              ,  "codeIso": "SB"  },
    {"country": "SOMALIA"                          ,   "capital": "MOGADISHU"            ,  "codeIso": "SO"  },
    {"country": "SOUTH AFRICA"                     ,   "capital": "PRETORIA"             ,  "codeIso": "ZA"  },
    {"country": "SOUTH KOREA"                      ,   "capital": "SEOUL"                ,  "codeIso": "KR"  },
    {"country": "SPAIN"                            ,   "capital": "MADRID"               ,  "codeIso": "ES"  },
    {"country": "SRI LANKA"                        ,   "capital": "COLOMBO"              ,  "codeIso": "LK"  },
    {"country": "SUDAN"                            ,   "capital": "KHARTOUM"             ,  "codeIso": "SD"  },
    {"country": "SURINAME"                         ,   "capital": "PARAMARIBO"           ,  "codeIso": "SR"  },
    {"country": "SWEDEN"                           ,   "capital": "STOCKHOLM"            ,  "codeIso": "SE"  },
    {"country": "SWITZERLAND"                      ,   "capital": "BERN"                 ,  "codeIso": "CH"  },
    {"country": "SYRIA"                            ,   "capital": "DAMASCUS"             ,  "codeIso": "SY"  },
    {"country": "TAJIKISTAN"                       ,   "capital": "DUSHANBE"             ,  "codeIso": "TJ"  },
    {"country": "TANZANIA"                         ,   "capital": "DODOMA"               ,  "codeIso": "TZ"  },
    {"country": "THAILAND"                         ,   "capital": "BANGKOK"              ,  "codeIso": "TH"  },
    {"country": "TIMOR-LESTE"                      ,   "capital": "DILI"                 ,  "codeIso": "TL"  },
    {"country": "TOGO"                             ,   "capital": "LOME"                 ,  "codeIso": "TG"  },
    {"country": "TONGA"                            ,   "capital": "KINGDOM OF TONGA"     ,  "codeIso": "TO"  },
    {"country": "TRINIDAD AND TOBAGO"              ,   "capital": "PORT OF SPAIN"        ,  "codeIso": "TT"  },
    {"country": "TUNISIA"                          ,   "capital": "TUNIS"                ,  "codeIso": "TN"  },
    {"country": "TURKEY"                           ,   "capital": "ANKARA"               ,  "codeIso": "TR"  },
    {"country": "TURKMENISTAN"                     ,   "capital": "ASHGABAT"             ,  "codeIso": "TM"  },
    {"country": "TUVALU"                           ,   "capital": "FUNAFUTI"             ,  "codeIso": "TV"  },
    {"country": "UGANDA"                           ,   "capital": "KAMPALA"              ,  "codeIso": "UG"  },
    {"country": "UKRAINE"                          ,   "capital": "KIEV"                 ,  "codeIso": "UA"  },
    {"country": "UNITED ARAB EMIRATES"             ,   "capital": "ABU DHABI"            ,  "codeIso": "AE"  },
    {"country": "UNITED KINGDOM"                   ,   "capital": "LONDON"               ,  "codeIso": "GB"  },
    {"country": "UNITED STATES"                    ,   "capital": "WASHINGTON"           ,  "codeIso": "US"  },
    {"country": "URUGUAY"                          ,   "capital": "MONTEVIDEO"           ,  "codeIso": "UY"  },
    {"country": "UZBEKISTAN"                       ,   "capital": "TASHKENT"             ,  "codeIso": "UZ"  },
    {"country": "VANUATU"                          ,   "capital": "PORT-VILA"            ,  "codeIso": "VU"  },
    {"country": "VATICAN CITY"                     ,   "capital": "VATICAN CITY"         ,  "codeIso": "VA"  },
    {"country": "VENEZUELA"                        ,   "capital": "CARACAS"              ,  "codeIso": "VE"  },
    {"country": "VIETNAM"                          ,   "capital": "HANOI"                ,  "codeIso": "VN"  },
    {"country": "YEMEN"                            ,   "capital": "SANA"                 ,  "codeIso": "YE"  },
    {"country": "ZAMBIA"                           ,   "capital": "LUSAKA"               ,  "codeIso": "ZM"  },
    {"country": "ZIMBABWE"                         ,   "capital": "HARARE"               ,  "codeIso": "ZW"  }
  ]
}